{
  "bias": {
    "bestS": 6,
    "bestSf": 0.4615,
    "fptpS": 3,
    "estS": 3.5336,
    "estSf": 0.2718,
    "bS50": 0.199,
    "bV50": 0.0399,
    "decl": 36.4084,
    "gSym": 0.0579,
    "gamma": 0.2074,
    "eG": 0.2046,
    "bSV": 0.192,
    "prop": 0.2164,
    "mMs": 0.0517,
    "tOf": 0.0033,
    "mMd": 0.0484,
    "lO": 0.0756,
    "deviation": 0.1897,
    "score": 11
  },
  "responsiveness": {
    "littleR": 1.7615,
    "rD": 1.8993,
    "rDf": 0.1461,
    "bigR": 19.3324,
    "mIR": 0.4677,
    "cSimple": 2,
    "cD": 1.8993,
    "cDf": 0.1461,
    "score": 19
  },
  "minority": {
    "opportunityDistricts": 0.9909,
    "coalitionDistricts": 2.8009,
    "pivotByDemographic": [
      [
        1,
        2,
        3,
        0.31562875318038097,
        4
      ],
      [
        1,
        0,
        1,
        0.21168281993226215,
        3
      ],
      [
        0,
        0,
        0,
        0.06787156278984616,
        1
      ],
      [
        0,
        0,
        0,
        0.0012540930000187486,
        0
      ],
      [
        0,
        0,
        0,
        0.024136155044881008,
        0
      ],
      [
        0,
        0,
        0,
        0.017483272326632705,
        0
      ],
      [
        1,
        0,
        1,
        0,
        4
      ]
    ],
    "score": 48
  },
  "compactness": {
    "reock": {
      "raw": 0.3373,
      "normalized": 35
    },
    "polsby": {
      "raw": 0.2422,
      "normalized": 36
    },
    "score": 36
  },
  "splitting": {
    "county": {
      "raw": 1.1523,
      "normalized": 65
    },
    "district": {
      "raw": 1.5185,
      "normalized": 38
    },
    "details": {
      "unexpectedAffected": 0.3097,
      "nSplits": 12,
      "countiesSplitUnexpectedly": [
        "Bladen",
        "Buncombe",
        "Catawba",
        "Cumberland",
        "Durham",
        "Guilford",
        "Iredell",
        "Johnston",
        "Pitt",
        "Rowan",
        "Wilson"
      ]
    },
    "score": 52
  }
}
