{
  "bias": {
    "bestS": 6,
    "bestSf": 0.4615,
    "estS": 3.5122,
    "estSf": 0.2702,
    "deviation": 0.1913,
    "score": 11,
    "tOf": 0.0033,
    "fptpS": 3,
    "bS50": 0.1992,
    "bV50": 0.0398,
    "decl": 36.5397,
    "gSym": 0.0579,
    "gamma": 0.2073,
    "eG": 0.2047,
    "bSV": 0.1913,
    "prop": 0.2173,
    "mMs": 0.0529,
    "mMd": 0.0496,
    "lO": 0.0751
  },
  "responsiveness": {
    "cSimple": 2,
    "cD": 1.83,
    "cDf": 0.1408,
    "score": 19,
    "bigR": 18.3108,
    "littleR": 1.7954,
    "mIR": 0.457,
    "rD": 1.83,
    "rDf": 0.1408
  },
  "minority": {
    "pivotByDemographic": [
      [
        2,
        0,
        0,
        2,
        0,
        0,
        0.31562875318038097,
        4
      ],
      [
        1,
        1,
        0,
        0,
        0,
        0,
        0.21168281993226215,
        3
      ],
      [
        0,
        0,
        0,
        0,
        0,
        0,
        0.06787156278984616,
        1
      ],
      [
        0,
        0,
        0,
        0,
        0,
        0,
        0.0012540930000187486,
        0
      ],
      [
        0,
        0,
        0,
        0,
        0,
        0,
        0.024136155044881008,
        0
      ],
      [
        0,
        0,
        0,
        0,
        0,
        0,
        0.017483272326632705,
        0
      ]
    ],
    "opportunityDistricts": 0.9909,
    "coalitionDistricts": 2.8009,
    "score": 48
  },
  "compactness": {
    "score": 36,
    "reock": {
      "raw": 0.3373,
      "normalized": 35
    },
    "polsby": {
      "raw": 0.2422,
      "normalized": 36
    }
  },
  "splitting": {
    "score": 52,
    "county": {
      "raw": 1.1523,
      "normalized": 65
    },
    "district": {
      "raw": 1.5185,
      "normalized": 38
    },
    "details": {
      "unexpectedAffected": 0.3097,
      "nSplits": 12,
      "countiesSplitUnexpectedly": [
        "Bladen",
        "Buncombe",
        "Catawba",
        "Cumberland",
        "Durham",
        "Guilford",
        "Iredell",
        "Johnston",
        "Pitt",
        "Rowan",
        "Wilson"
      ]
    }
  }
}