{
  "bias": {
    "bestS": 6,
    "bestSf": 0.4615,
    "estS": 3.5309,
    "estSf": 0.2716,
    "deviation": 0.1899,
    "score": 11,
    "tOf": 0.0033,
    "fptpS": 3,
    "bS50": 0.1991,
    "bV50": 0.0399,
    "decl": 36.4628,
    "gSym": 0.058,
    "gamma": 0.2075,
    "eG": 0.2046,
    "bSV": 0.192,
    "prop": 0.2165,
    "mMs": 0.0526,
    "mMd": 0.0493,
    "lO": 0.0757
  },
  "responsiveness": {
    "cSimple": 2,
    "cD": 1.8883,
    "cDf": 0.1453,
    "score": 19,
    "bigR": 19.2321,
    "littleR": 1.7585,
    "mIR": 0.4687,
    "rD": 1.8883,
    "rDf": 0.1453
  },
  "minority": {
    "pivotByDemographic": {
      "minority": {
        "pct35_40": 2,
        "pct40_45": 0,
        "pct45_50": 0,
        "pct50_55": 2,
        "pct55_60": 0,
        "pct60Plus": 0,
        "vapPct": 0.315629,
        "propSeats": 4
      },
      "black": {
        "pct35_40": 1,
        "pct40_45": 1,
        "pct45_50": 0,
        "pct50_55": 0,
        "pct55_60": 0,
        "pct60Plus": 0,
        "vapPct": 0.211683,
        "propSeats": 3
      },
      "hispanic": {
        "pct35_40": 0,
        "pct40_45": 0,
        "pct45_50": 0,
        "pct50_55": 0,
        "pct55_60": 0,
        "pct60Plus": 0,
        "vapPct": 0.067872,
        "propSeats": 1
      },
      "pacific": {
        "pct35_40": 0,
        "pct40_45": 0,
        "pct45_50": 0,
        "pct50_55": 0,
        "pct55_60": 0,
        "pct60Plus": 0,
        "vapPct": 0.001254,
        "propSeats": 0
      },
      "asian": {
        "pct35_40": 0,
        "pct40_45": 0,
        "pct45_50": 0,
        "pct50_55": 0,
        "pct55_60": 0,
        "pct60Plus": 0,
        "vapPct": 0.024136,
        "propSeats": 0
      },
      "native": {
        "pct35_40": 0,
        "pct40_45": 0,
        "pct45_50": 0,
        "pct50_55": 0,
        "pct55_60": 0,
        "pct60Plus": 0,
        "vapPct": 0.017483,
        "propSeats": 0
      }
    },
    "opportunityDistricts": 0.9909,
    "coalitionDistricts": 2.8009,
    "score": 48
  },
  "compactness": {
    "score": 36,
    "reock": {
      "raw": 0.3373,
      "normalized": 35
    },
    "polsby": {
      "raw": 0.2422,
      "normalized": 36
    }
  },
  "splitting": {
    "score": 52,
    "county": {
      "raw": 1.1523,
      "normalized": 65
    },
    "district": {
      "raw": 1.5185,
      "normalized": 38
    },
    "details": {
      "unexpectedAffected": 0.3097,
      "nSplits": 12,
      "countiesSplitUnexpectedly": [
        "Bladen",
        "Buncombe",
        "Catawba",
        "Cumberland",
        "Durham",
        "Guilford",
        "Iredell",
        "Johnston",
        "Pitt",
        "Rowan",
        "Wilson"
      ],
      "splitVTDs": [
        "37017P25",
        "3702114.2",
        "3703529",
        "37051CC08",
        "37081G71",
        "37097FT",
        "37101PR26",
        "37119002",
        "371471509",
        "3715928",
        "3718316-05",
        "37195PRTA"
      ],
      "nSplitVTDs": 12
    }
  }
}